EXTRACTO,TEMATICA
"De Presupuestos Generales de la Comunidad Autónoma de Canarias para 2016.",ASUNTOS FINANCIEROS
"Inversiones realizadas por la Comunidad Autónoma por islas.",ASUNTOS FINANCIEROS
"El Presupuesto de los proyectos de inversión, capítulos VI y VII de la Consejería de Economía, Industria, Comercio y Conocimiento.",ASUNTOS FINANCIEROS
"Programas de actuación, inversiones y financiación de las Empresas Públicas de la Comunidad Autónoma para el ejercicio 2000.",ASUNTOS FINANCIEROS
"El precio de la luz.",ASUNTOS FINANCIEROS
"Presupuesto que se va a invertir en Fitur 2021, dirigida a la Sra. consejera de Turismo, Industria y Comercio.",ASUNTOS FINANCIEROS
"Informes sobre la diferencia de precios del combustible.",ASUNTOS FINANCIEROS
"El Presupuesto de los proyectos de inversión, capítulos VI y VII de la Consejería de Economía, Industria, Comercio y Conocimiento.",ASUNTOS FINANCIEROS
"La financiación prevista en el presupuesto de 2018 y el proyecto de 2019 para costear el material ortoprotésico, dirigida al Sr. Consejero de Sanidad.",ASUNTOS FINANCIEROS
"Presupuesto y cantidades abonadas a la gestión y promoción de los e-sports.",ASUNTOS FINANCIEROS
"Cumplimiento de la obligación de reserva de ingresos para financiación de obra audiovisual, 2016.",ASUNTOS FINANCIEROS
"Contrato con el corredor de seguros, dirigida a Viviendas Sociales e Infraestructuras de Canarias, SAU.",ASUNTOS FINANCIEROS
"Pólizas de seguros concertados para el personal al servicio de la CAC y de altos cargos.",ASUNTOS FINANCIEROS
"Subvenciones, ayudas o financiación concedida a las sociedades Encuentro Moda SL; Abeum 3 y Retama.",ASUNTOS FINANCIEROS
"Convenio de financiación del Metropolitano Tenerife con el Cabildo de Tenerife.",ASUNTOS FINANCIEROS
"Déficit de financiación de Canarias respecto al resto de comunidades autónomas, dirigida a la Sra. Consejera de Hacienda.",ASUNTOS FINANCIEROS
"Inversiones en infraestructuras educativas en Santa Cruz de Tenerife entre 2011 y 2018.",ASUNTOS FINANCIEROS
"Ejecución de la partida presupuestaria destinada a inversión en atención especializada en Tenerife.",ASUNTOS FINANCIEROS
"El Presupuesto de los proyectos de inversión, capítulos VI y VII de la Presidencia del Gobierno.",ASUNTOS FINANCIEROS
"El Presupuesto de los proyectos de inversión, capítulos VI y VII de la Consejería de Economía, Industria, Comercio y Conocimiento.",ASUNTOS FINANCIEROS
"El Presupuesto de los proyectos de inversión, capítulos VI y VII de la Consejería de Sanidad.",ASUNTOS FINANCIEROS
"Créditos ejecutados en los Presupuestos Generales de la Comunidad Autónoma en el fomento y ayuda a la lucha canaria.",ASUNTOS FINANCIEROS
"Créditos ejecutados con destino desarrollo y mejora de los medios técnicos de los policías locales en 2016, dirigida al Gobierno.",ASUNTOS FINANCIEROS
"Los derechos de información de las personas consumidoras de materia de titulización y retitulización de préstamos hipotecarios y otros créditos.",ASUNTOS FINANCIEROS
"Oferta de préstamos o créditos de entidades financieras o inversores de fuera de la Unión Europea.",ASUNTOS FINANCIEROS
"Créditos solicitados en 2011, dirigida al Sr. Director General de Radiotelevisión Canaria.",ASUNTOS FINANCIEROS
"La línea de financiación microcréditos Jeremie, dirigida a la Sra. Consejera de Empleo, Industria y Comercio.",ASUNTOS FINANCIEROS
"Créditos a empresas en los presupuestos de 2014 de Gestión Urbanística de Santa Cruz de Tenerife, SA, dirigida al Gobierno.",ASUNTOS FINANCIEROS
"Créditos bancarios de VISOCAN en 2014, dirigida a la Sra. Consejera de Cultura, Deportes, Políticas Sociales y Vivienda.",ASUNTOS FINANCIEROS
"Informe de fiscalización económico-financiero de la XXXIII Edición del Festival de Música de Canarias.",ASUNTOS FINANCIEROS
"De Informe de Fiscalización de GRECASA, de 1 de septiembre de 2016 a 31 de julio de 2018.",ASUNTOS FINANCIEROS
"De Fiscalización de la gestión económico-financiera de la Empresa Pública Canarias Cultura en Red, SA, de los ejercicios 2013, 2014 y 2015.",ASUNTOS FINANCIEROS
"Recaudación del IGIC, AIEM, impuestos especiales y tasas.",ASUNTOS FINANCIEROS
"Recaudación del IGIC, insularizado, de 2014 a 2017.",ASUNTOS FINANCIEROS
"Recaudación líquida por IGIC 2015.",ASUNTOS FINANCIEROS
"Ingresos públicos, modificaciones, ampliaciones presupuestarias y operaciones de financiación y/o endeudamiento acometidas para afrontar la crisis económica y sanitaria provocada por el COVID-19.",ASUNTOS FINANCIEROS
"Cantidades presupuestadas, invertidas y ejecutadas en estrategias de gestión, propaganda y promoción de los e-sports durante 2017 y 2018, y en especial al Cabildo de Tenerife.",ASUNTOS FINANCIEROS
"Autorización del gasto para la concesión de una aportación dineraria a la Sociedad Mercantil Pública Instituto Tecnológico de Canarias, SA, para la financiación de los gastos de siete proyectos innovadores a realizar en La Gomera.",ASUNTOS FINANCIEROS
"La subvención de 15.944 euros de los Presupuestos de la CAC en 2010 a la Federación Insular Colombófila de Tenerife.",ASUNTOS FINANCIEROS
"La subvención de 11.832 euros de los Presupuestos de la CAC en 2011 a la Federación Insular Colombófila de Tenerife.",ASUNTOS FINANCIEROS
"Del Consejo Escolar de Canarias, sobre el incremento de la financiación del sistema educativo canario para 2022.",ASUNTOS FINANCIEROS
"Programas y proyectos a financiar por el Fondo de Desarrollo de Canarias.",ASUNTOS FINANCIEROS
"Las partidas destinadas a financiar la dependencia en 2014 y 2015.",ASUNTOS FINANCIEROS
"Convenio de colaboración con el Banco Santander para líneas de crédito especiales para financiar proyectos.",ASUNTOS FINANCIEROS
"Convenio de colaboración con la Caixabank para líneas de crédito especiales para financiar proyectos.",ASUNTOS FINANCIEROS
"El convenio con Cajasiete para financiar proyectos de modernización turística y facilitar el crédito a las pymes por 25 millones, dirigida al Gobierno.",ASUNTOS FINANCIEROS
"Importe previsto para invertir en la red de riego de La Florida, El Hierro.",ASUNTOS FINANCIEROS
"Importe previsto a invertir en la red de riego de Masilva, El Hierro.",ASUNTOS FINANCIEROS
"Países en los que está previsto invertir y hacer promoción de Canarias en 2020, dirigida a la Sra. consejera de Turismo, Industria y Comercio.",ASUNTOS FINANCIEROS
"Aumento presupuestario a Cultura para 2018.",ASUNTOS FINANCIEROS
"Liquidación y equilibrio de los presupuestos de inversión entre las islas, ejercicios presupuestarios 1999 a 2002.",ASUNTOS FINANCIEROS
"Ajuste presupuestario en gastos de los Presupuestos Generales de la CAC para 2008.",ASUNTOS FINANCIEROS
"-Consejero de Agricultura, Ganadería, Pesca y Aguas-, sobre Fondos Extrapresupuestarios a gestionar en 2013.",ASUNTOS FINANCIEROS
"El déficit y recortes presupuestarios, dirigida al Gobierno.",ASUNTOS FINANCIEROS
"Ejecución presupuestaria al cierre presupuestario en el ejercicio 2016, dirigida al Sr. Consejero de Sanidad.",ASUNTOS FINANCIEROS
"Estudio relativo al coste que sorporta la economía canaria derivado de la ultraperiferia y doble insularidad.",ECONOMÍA
"La estrategia de economía circular del Gobierno.",ECONOMÍA
"Subida de impuestos, dirigida al Sr. Consejero de Economía y Hacienda.",ECONOMÍA
"El Programa de Acciones Sectoriales e Inversiones para la economía productiva de La Palma.",ECONOMÍA
"La alerta del Banco de España sobre la economía de las familias isleñas, dirigida al Sr. Presidente del Gobierno.",ECONOMÍA
"Renta básica para los parados sin prestaciones.",ECONOMÍA
"Importe del dinero que corresponde a Canarias de los 21.300 millones asignados a España de los fondos Sure va a ir destinado a la ayuda a los autónomos, dirigida a la Sra. consejera de Economía, Conocimiento y Empleo.",ECONOMÍA
"De Fiscalización de los expedientes de subvenciones y aportaciones dinerarias pendientes de justificar y/o de exigencia de reintegros, hasta el 2 de abril de 2018.",ECONOMÍA
"Autorización del gasto de la convocatoria de subvenciones en concurrencia competitiva Canarias Fortaleza.",ECONOMÍA
"Dinero destinado como ayudas a las familias para el acceso a plazas de educación infantil en 2019, 2020, 2021 y 2022, especificando cantidades por año.",ECONOMÍA
"Reforma estructural ante la crisis económica, dirigida al Gobierno.",ECONOMÍA
"Medidas que se están tomando para actuar contra la economía sumergida, dirigida a la Sra. consejera de Economía, Conocimiento y Empleo.",ECONOMÍA
"Del Ayuntamiento de la Villa de Garafía, el proyecto de Ley de renta ciudadana.",ECONOMÍA
"De renta de ciudadanía como garantía de ingresos mínimos.",ECONOMÍA
"Importe previsto para invertir en la red de riego de La Florida, El Hierro. ",ECONOMÍA
"Gasto plurianual nº 839/2006.",ECONOMÍA
"Gastos de Capital Consolidados, dirigida al Gobierno.",ECONOMIA
"Las previsiones presupuestarias del Gobierno teniendo en cuenta los efectos de la inflación, dirigida a la Presidencia del Gobierno.",ECONOMÍA
"Las medidas activadas para contrarrestar la inflación, dirigida al Gobierno.",ECONOMÍA
"El aumento de la inflación en 2005, dirigida al Sr. Consejero de Economía y Hacienda.",ECONOMÍA
"El aumento de la inflación en 2005, dirigida al Sr. Consejero de Economía y Hacienda.",ECONOMÍA
"Reforma estructural ante la persistencia de la crisis económica, dirigida al Gobierno.",ECONOMÍA
"Medidas de austeridad dada la situación de crisis económica, dirigida al Sr. Director General de Radiotelevisión Canaria.",ECONOMÍA
"Creación de un servicio de información respecto a las ayudas públicas para personas, familias y empresas afectadas por la crisis económica.",ECONOMÍA
"Medidas para salir de la crisis económica.",ECONOMÍA
"Reforma estructural ante la crisis económica, dirigida al Gobierno.",ECONOMÍA
"Reforma estructural ante la persistencia de la crisis económica, dirigida al Gobierno.",ECONOMÍA
"Propuesta de reforma del Régimen Económico y Fiscal, dirigida al Sr. Consejero de Economía, Hacienda y Seguridad.",ECONOMÍA
"La estructura económica de la CAC del Plan Canarias.",ECONOMÍA
"Las expectativas económicas respecto del paro estructural, dirigida al Sr. Consejero de Economía, Industria, Comercio y Conocimiento.",ECONOMÍA
"-Consejero de Agricultura, Ganadería, Pesca y Aguas-, sobre la caída del peso del sector primario en la estructura económica de Canarias.",ECONOMÍA
"Balance de la situación económica, dirigida al Sr. Consejero de Economía, Industria, Comercio y Conocimiento.",ECONOMÍA
"Situación económica de Cartográfica de Canarias, dirigida al Gobierno.",ECONOMÍA
"Situación de asfixia económica de los Ayuntamientos.",ECONOMÍA
"La situación económica de los Cabildos y Ayuntamientos en 2011 respecto a la financiación que aporta la CAC.",ECONOMÍA
"La situación económica de Canarias.",ECONOMÍA
"Datos de la situación económica actual de La Palma en comparación con los datos de Canarias.",ECONOMÍA
"De medidas tributarias incentivadoras de la actividad económica.",ECONOMÍA
"Real Decreto-Ley de medidas de impulso a la actividad económica.",ECONOMÍA
"Simplificación de procedimientos para facilitar la actividad económica, dirigida al Sr. Consejero de Economía y Hacienda.",ECONOMÍA
"Renta per cápita de los municipios turísticos, dirigida a la Sra. Consejera de Turismo, Cultura y Deportes.",ECONOMÍA
"El Sector Primario en Canarias.",ECONOMÍA
"Reactivación del sector primario, dirigida a la Sra. Consejera de Agricultura, Ganadería, Pesca y Alimentación.",ECONOMÍA
"Medidas del Plan Canarias con respecto al sector primario.",ECONOMÍA
"Las ayudas al sector primario y criterios de reparto.",ECONOMÍA
"La mejora de la competitividad de la economía, dirigida al Sr. Consejero de Economía y Hacienda.",ECONOMÍA
"Racionalización y mejora de la gestión del gasto público, dirigida al Sr. Consejero de Economía y Hacienda.",ECONOMÍA
"Lucha contra la economía sumergida, dirigida al Sr. Presidente del Gobierno.",ECONOMÍA
"Proyectos para luchar contra la economía sumergida, dirigida a la Sra. Consejera de Empleo, Políticas Sociales y Vivienda.",ECONOMÍA
"Afloramiento de la economía sumergida, dirigida al Gobierno.",ECONOMÍA
"Evolución de los ingresos en el ejercicio económico 2009.",ECONOMÍA
"Del Gobierno, sobre la gravedad de la coyuntura económica a la que nos enfrentamos.",ECONOMÍA
"Los niveles de renta familiar.",ECONOMÍA
"De la renta de la ciudadanía de Canarias.",ECONOMÍA
"El umbral de renta disponible en los hogares canarios, dirigida al Gobierno.",ECONOMÍA
"Creación de una comisión de investigación.",PRODUCCIÓN; TECNOLOGÍA E INVESTIGACIÓN
"Actuaciones en Investigación, Desarrollo e Innovación Tecnológica, dirigida al Sr. Consejero de Empleo, Industria y Comercio.",PRODUCCIÓN; TECNOLOGÍA E INVESTIGACIÓN
"Difusión de la investigación científica y tecnológica por medio de la producción propia de programas de televisión.",PRODUCCIÓN; TECNOLOGÍA E INVESTIGACIÓN
"Programa de actividades del la Semana de la Innovación y Ciencia 2022.",PRODUCCIÓN; TECNOLOGÍA E INVESTIGACIÓN
"El Plan Integrado Canario de Investigación, Desarrollo e Innovación (I+D+I).",PRODUCCIÓN; TECNOLOGÍA E INVESTIGACIÓN
"Política en relación con la infraestructura de telefonía móvil, dirigida al Sr. Consejero de Presidencia e Innovación Tecnológica.",PRODUCCIÓN; TECNOLOGÍA E INVESTIGACIÓN
"Proyectos de innovación e investigación, dirigida al Sr. Consejero de Educación, Universidades y Sostenibilidad.",PRODUCCIÓN; TECNOLOGÍA E INVESTIGACIÓN
"Producción de patentes españolas y europeas por la Agencia Canaria de Investigación, Desarrollo y Sociedad de la Innovación de 2012 a 2015.",PRODUCCIÓN; TECNOLOGÍA E INVESTIGACIÓN
"Patentes convocadas por la Agencia Canaria de Investigación, Desarrollo y Sociedad de la Innovación de 2012 a 2015.",PRODUCCIÓN; TECNOLOGÍA E INVESTIGACIÓN
"Plan de investigación, desarrollo e innovación en ejecución, dirigida a la Sra. Consejera de Empleo, Industria y Comercio.",PRODUCCIÓN; TECNOLOGÍA E INVESTIGACIÓN
"Creación de la Agencia Canaria de Innovación, dirigida al Sr. Consejero de Empleo, Industria y Comercio.",PRODUCCIÓN; TECNOLOGÍA E INVESTIGACIÓN
"La investigación, desarrollo e innovación en la estructura productiva, dirigida al Sr. Presidente del Gobierno.",PRODUCCIÓN; TECNOLOGÍA E INVESTIGACIÓN
"Proyectos relacionados con la innovación turística en la convocatoria de ayudas a la I+D+i, dirigida al Sr. Consejero de Empleo, Industria y Comercio.",PRODUCCIÓN; TECNOLOGÍA E INVESTIGACIÓN
"Proyectos de I+D+i vinculados al COVID-19, dirigida al Gobierno.",PRODUCCIÓN; TECNOLOGÍA E INVESTIGACIÓN
"Medidas que se están adoptando junto con las universidades canarias para impulsar el tejido de I+D+i, dirigida a la Sra. consejera de Economía, Conocimiento y Empleo.",PRODUCCIÓN; TECNOLOGÍA E INVESTIGACIÓN
"Programa de actuaciones en I+D+i para 2021.",PRODUCCIÓN; TECNOLOGÍA E INVESTIGACIÓN
"El Plan Integrado Canario de Investigación, Desarrollo e Innovación (I+D+I).",PRODUCCIÓN; TECNOLOGÍA E INVESTIGACIÓN
"I+d+i, programas de Fomento de Investigación Técnica y estímulos fiscales.",PRODUCCIÓN; TECNOLOGÍA E INVESTIGACIÓN
"Memoria de las actividades de investigación Científica y Desarrollo Tecnológico y sobre el Plan Integrado Canario de I+D+i+d 2007-2010.",PRODUCCIÓN; TECNOLOGÍA E INVESTIGACIÓN
"Patentes registradas en 2016, dirigida al Gobierno.",PRODUCCIÓN; TECNOLOGÍA E INVESTIGACIÓN
"Patentes registradas en 2015, dirigida al Sr. Consejero de Economía, Industria, Comercio y Conocimiento.",PRODUCCIÓN; TECNOLOGÍA E INVESTIGACIÓN
"La liberación de las patentes de las vacunas COVID-19 para su acceso universal.",PRODUCCIÓN; TECNOLOGÍA E INVESTIGACIÓN
"Memoria de la Agencia Canaria de Investigación 2009.",PRODUCCIÓN; TECNOLOGÍA E INVESTIGACIÓN
"Organigrama de la Fundación Canaria de Prevención e Investigación de las Drogodependencias.",PRODUCCIÓN; TECNOLOGÍA E INVESTIGACIÓN
"Fundaciones para la investigación sobre la enfermedad del Alzheimer, dirigida a la Sra. Consejera de Sanidad.",PRODUCCIÓN; TECNOLOGÍA E INVESTIGACIÓN
"La convocatoria pública para apoyo a Proyectos de I+D+I a grupos de investigación y empresas.",PRODUCCIÓN; TECNOLOGÍA E INVESTIGACIÓN
"Investigación científica, dirigida al Sr. Consejero de Educación, Cultura y Deportes.",PRODUCCIÓN; TECNOLOGÍA E INVESTIGACIÓN
"Plan de choque específico para la prevención, tratamiento e investigación de la diabetes.",PRODUCCIÓN; TECNOLOGÍA E INVESTIGACIÓN
"Investigación en ciencias del espacio, física y matemáticas, dirigida al Gobierno.",PRODUCCIÓN; TECNOLOGÍA E INVESTIGACIÓN
"Investigación en productos y procesos químicos, dirigida al Gobierno.",PRODUCCIÓN; TECNOLOGÍA E INVESTIGACIÓN
"Proyectos de investigación subvencionados, dirigida a la Sra. Consejera de Industria, Comercio y Nuevas Tecnologías.",PRODUCCIÓN; TECNOLOGÍA E INVESTIGACIÓN
"De Ordenación del Sistema Canario de Investigación y Desarrollo Tecnológico",PRODUCCIÓN; TECNOLOGÍA E INVESTIGACIÓN
"Fecha de puesta en funcionamiento de los parques tecnológicos.",PRODUCCIÓN; TECNOLOGÍA E INVESTIGACIÓN
"El Parque Tecnológico de Fuerteventura.",PRODUCCIÓN; TECNOLOGÍA E INVESTIGACIÓN
"Solicitud al Gobierno del Estado en relación con medios tecnológicos para las personas con discapacidad.",PRODUCCIÓN; TECNOLOGÍA E INVESTIGACIÓN
"Instalación de medios tecnológicos radioterápicos en diferentes islas.",PRODUCCIÓN; TECNOLOGÍA E INVESTIGACIÓN
"Memoria de las actividades de investigación científica y desarrollo tecnológico y del Plan de Choque de I+D+I.",PRODUCCIÓN; TECNOLOGÍA E INVESTIGACIÓN
"De Ordenación del Sistema Canario de Investigación y Desarrollo Tecnológico.",PRODUCCIÓN; TECNOLOGÍA E INVESTIGACIÓN
"Estrategia de Ciencia y Tecnología.",PRODUCCIÓN; TECNOLOGÍA E INVESTIGACIÓN
"Acceso a las nuevas tecnologías en La Gomera, dirigida al Gobierno.",PRODUCCIÓN; TECNOLOGÍA E INVESTIGACIÓN
"Convenio con la Fundación Caja Rural de Canarias para investigar la arteriosclerosis, dirigida a la Sra. Consejera de Sanidad.",PRODUCCIÓN; TECNOLOGÍA E INVESTIGACIÓN
"Investigaciones en curso en el ámbito del Patrimonio Cultural en Canarias.",PRODUCCIÓN; TECNOLOGÍA E INVESTIGACIÓN
"Investigaciones desarrolladas en el ámbito del Patrimonio Cultural en Canarias.",PRODUCCIÓN; TECNOLOGÍA E INVESTIGACIÓN
"Colaboración con el Consejo Superior de Investigaciones Científicas en materia de volcanología, dirigida al Sr. Consejero de Medio Ambiente y Ordenación Territorial.",PRODUCCIÓN; TECNOLOGÍA E INVESTIGACIÓN
"Expediente y conclusiones de las investigaciones realizadas en el Permiso de Investigación LA MOLINA, en relación con las Montañetas de Tebeto, Fuerteventura.",PRODUCCIÓN; TECNOLOGÍA E INVESTIGACIÓN
"Las nuevas tecnologías y el comercio electrónico, dirigida al Sr. Consejero de Turismo.",PRODUCCIÓN; TECNOLOGÍA E INVESTIGACIÓN
"Aplicación de las nuevas tecnologías en las Pymes y autónomos, dirigida a la Sra. Consejera de Industria, Comercio y Nuevas Tecnologías.",PRODUCCIÓN; TECNOLOGÍA E INVESTIGACIÓN
"El Estatuto del Personal Investigador en Formación, dirigida al Gobierno. ",PRODUCCIÓN; TECNOLOGÍA E INVESTIGACIÓN
"Apoyo a los jóvenes investigadores, dirigida al Gobierno.",PRODUCCIÓN; TECNOLOGÍA E INVESTIGACIÓN
"Creación de una comisión de investigación.",PRODUCCIÓN; TECNOLOGÍA E INVESTIGACIÓN
"Del Sr. consejero de Sanidad, sobre las mejoras prioritarias y necesarias a llevar a cabo tras la pandemia de la COVID-19 en la investigación biomédica.",PRODUCCIÓN; TECNOLOGÍA E INVESTIGACIÓN
"De promoción y desarrollo de la investigación científica y la innovación.",PRODUCCIÓN; TECNOLOGÍA E INVESTIGACIÓN
"El uso de las nuevas tecnologías.",PRODUCCIÓN; TECNOLOGÍA E INVESTIGACIÓN
"La actividad comercial de las nuevas tecnologías.",PRODUCCIÓN; TECNOLOGÍA E INVESTIGACIÓN
"Desarrollo de tecnologías específicas para el sector turístico, dirigida a la Sra. Consejera de Turismo.",PRODUCCIÓN; TECNOLOGÍA E INVESTIGACIÓN
"Difusión de derechos y obligaciones de pasajeros en la Unión Europea, dirigida al Gobierno.",DERECHO
"Derechos de tanteo y retracto en viviendas protegidas, dirigida al Sr. Consejero de Infraestructuras, Transportes y Vivienda.",DERECHO
"Defensa de los derechos humanos.",DERECHO
"Los Derechos del Niño.",DERECHO
"Cobertura por jueces titulares de plazas vacantes en los órganos judiciales, dirigida al Sr. Consejero de Presidencia e Innovación Tecnológica.",DERECHO
"órganos jurisdiccionales cubiertos por jueces de carrera, dirigida al Gobierno.",DERECHO
"La formación de jueces, fiscales y secretarios, dirigida al Sr. Consejero de Presidencia, Justicia e Igualdad.",DERECHO
"Modificación de la Ley de Renovación y Modernización Turística de Canarias.",DERECHO
"Solicitud de una ley de salud bucodental en Canarias.",DERECHO
"Defensa de los afectados por la Ley de Costas.",DERECHO
"De modificación de la Ley 1/1997, de 7 de febrero, de Atención Integral a los Menores.",DERECHO
"El Juzgado de lo Penal Nº 5 para los asuntos de violencia de género, dirigida al Sr. Consejero de Presidencia, Justicia e Igualdad.",DERECHO
"Del Parlamento Vasco, sobre modificación del Código Penal para despenalizar el suicidio asistido.",DERECHO
"El derecho a los servicios sociales.",DERECHO
"El derecho a la vivienda.",DERECHO
"Apoyo institucional de Canarias en la defensa del Estado de Derecho en Cataluña.",DERECHO
"Protección y defensa de la libertad de expresión y la dignidad humana.",DERECHO
"Informes remitidos por Aviación Civil relativos a la Quinta Libertad.",DERECHO
"De representante de presos políticos de Venezuela, ante la Comisión de Asuntos Europeos y Acción Exterior, sobre garantías democráticas y derechos civiles y políticos en Venezuela.",DERECHO
"Personas privadas de libertad y de derechos civiles en Venezuela.",DERECHO
"Restablecimiento del derecho al sueldo de los meses de verano que se les recortó con motivos de la crisis económica a los docentes interinos, dirigida a la Sra. Consejera de Educación y Universidades.",DERECHO
"Del Cabildo Insular de Lanzarote, sobre tramitación de una nueva Ley de Bienestar Animal.",DERECHO
"Dictamen al Anteproyecto de Ley para la modificación de la Ley 1/2007, reguladora de la Prestación Canaria de Inserción, dirigida a la Sra. Consejera de Cultura, Deportes, Políticas Sociales y Vivienda.",DERECHO
"Petición de reconocimiento del derecho de persona en situación de dependencia Grado I, nivel 1 y 2, dirigida a la Sra. Consejera de Bienestar Social, Juventud y Vivienda.",DERECHO
"Sentencia que reconoce el derecho de los trabajadores del Consorcio Sanitario de Tenerife en el Hospital Universitario de Canarias al uso de aparcamiento, dirigida a la Sra. Consejera de Sanidad.",DERECHO
"Iniciativas de reconocimiento internacional del derecho a la paz.",DERECHO
"El derecho de los diputados a recabar datos, informes y documentos del Gobierno.",DERECHO
"Solicitud de ley para sancionar anuncios ilegales de alquiler vacacional.",DERECHO
"Expedientes sancionadores a establecimientos turísticos que alojen inmigrantes que hayan llegado irregularmente a Canarias, dirigida al Gobierno.",DERECHO
"Estado del procedimiento selectivo del Cuerpo Superior Facultativo, Especialidad de Arquitectos Grupo A, Subgrupo A1, turno de promoción interna, dirigida al Sr. consejero de Administraciones Públicas, Justicia y Seguridad.",DERECHO
"El cumplimiento de las leyes, dirigida al Sr. Vicepresidente del Gobierno y Consejero de Obras Públicas y Transportes.",DERECHO
"Incumplimiento de leyes, dirigida al Sr. Vicepresidente del Gobierno.",DERECHO
"Leyes y sentencias de Consejos de Guerra a partir de 19 de julio de 1936.",DERECHO
"La Sentencia del Juzgado de lo Contencioso Administrativo Nº 1 de Santa Cruz de Tenerife sobre la Moción de Censura en el Cabildo Insular de El Hierro, dirigida al Sr. Consejero de Presidencia, Justicia e Igualdad.",DERECHO
"La sentencia del Tribunal Supremo relativa a la declaración de área urbana del núcleo poblacional de La Santa, dirigida al Gobierno.",DERECHO
"Sentencias condenatorias por violencia de género en Lanzarote, dirigida al Sr. Consejero de Presidencia, Justicia e Igualdad.",DERECHO
"Sentencias condenatorias pendientes de pago.",DERECHO
"última acta de la Comisión Canaria por el Derecho a la Identidad.",DERECHO
"Normas de desarrollo de la Ley Orgánica 4/2001, de 12 de noviembre, reguladora del derecho de petición.",DERECHO
"Los derechos de los ciudadanos en el Pacto para la reforma de la Justicia, dirigida al Gobierno.",DERECHO
"Protección y defensa de la libertad de expresión y la dignidad humana.",DERECHO
"La libertad de expresión, dirigida al Sr. Consejero de Sanidad.",DERECHO
"Del Ayuntamiento de Teror, sobre la Ley de protección de la seguridad ciudadana.",DERECHO
"Dictámenes del Consejo Consultivo en la interposición de recursos de inconstitucionalidad contra leyes estatales, dirigida al Gobierno.",DERECHO
"Sentencias condenando a VISOCAN por demandas interpuestas por trabajadores de esta empresa.",DERECHO
"Sentencias condenatorias por violencia de género en La Palma, dirigida al Sr. Consejero de Presidencia, Justicia e Igualdad.",DERECHO
"Sentencias condenatorias por violencia de género en Tenerife, dirigida al Sr. Consejero de Presidencia, Justicia e Igualdad.",DERECHO
"Sentencias condenatorias por violencia de género en Gran Canaria, dirigida al Sr. Consejero de Presidencia, Justicia e Igualdad.",DERECHO
"Sentencias condenatorias.",DERECHO
"Sentencias condenatorias pendientes de pago.",DERECHO
"El Palacio de Justicia de Las Palmas de Gran Canaria.",DERECHO
"Situación de la Administración de Justicia en Lanzarote.",DERECHO
"Tribunal Superior de Justicia de Canarias.",DERECHO
"La Memoria de la Fiscalía del Tribunal Superior de Justicia de Canarias 2005, en materia de menores en reforma.",DERECHO
"El Palacio de Justicia en Las Palmas de Gran Canaria, dirigida al Gobierno.",DERECHO
"Del Suelo de Canarias.",MEDIO AMBIENTE
"Residuos almacenados en el complejo medio-ambiental de Zonzamas, dirigida al Sr. Consejero de Medio Ambiente y Ordenación Territorial.",MEDIO AMBIENTE
"Medidas de prevención en la degradación del medio marino con basura plástica que genera microplásticos que pueden incorporarse a la cadena alimentaria y afectar negativamente a la salud humana y a la seguridad alimentaria.",MEDIO AMBIENTE
"Propuesta de Reglamento del Parlamento Europeo y del Consejo sobre la restauración de la naturaleza. COM(2022) 304 final.",MEDIO AMBIENTE
"Solicitud de modificación del artículo 64.2 de la Ley 4/2017, de 13 de julio, del Suelo y de los Espacios Naturales Protegidos de Canarias.",MEDIO AMBIENTE
"La tramitación de las Normas de Conservación del Monumento Natural F-6, Monumento Natural de Montaña de Tindaya.",MEDIO AMBIENTE
"Ejecución de proyectos de inversión en municipios con Parques Naturales y Rurales.",MEDIO AMBIENTE
"Grado de ejecución del proyecto 99712907, Áreas de influencia de Parques Naturales y Rurales, Tenerife, de los Presupuestos de la Comunidad Autónoma para 1999, dirigida al Sr. Consejero de Política Territorial y Medio Ambiente.",MEDIO AMBIENTE
"Vertederos de basura ilegales en la Comarca Noroeste de Gran Canaria.",MEDIO AMBIENTE
"Niveles de contaminación en Canarias por años, dirigida al Sr. consejero de Transición Ecológica, Lucha contra el Cambio Climático y Planificación Territorial.",MEDIO AMBIENTE
"Medidas de protección por el alto grado de contaminación ambiental por calima los días 22 y 23 de febrero de 2020, dirigida a la Sra. consejera de Sanidad.",MEDIO AMBIENTE
"Actuaciones para solucionar el problema de la contaminación por plásticos de los invernaderos abandonados, dirigida al Sr. consejero de Transición Ecológica, Lucha contra el Cambio Climático y Planificación Territorial.",MEDIO AMBIENTE
"Nivel de contaminación atmosférica por isla.",MEDIO AMBIENTE
"Actuaciones para recuperar el suelo sepultado por la lava y su futura calificación como suelo agrario o para otros usos, dirigida a la Presidencia del Gobierno.",MEDIO AMBIENTE
"Inventario de emplazamientos con actividades potencialmente contaminantes del suelo.",MEDIO AMBIENTE
"Formulario Informe Preliminar de Situación del Suelo.",MEDIO AMBIENTE
"La escasez de agua que sufre el sector primario, dirigida a la Sra. consejera de Agricultura, Ganadería y Pesca.",MEDIO AMBIENTE
"Acciones ante la situación crítica del sector primario por la escasez de agua e instalaciones de riego, dirigida a la Sra. consejera de Agricultura, Ganadería y Pesca.",MEDIO AMBIENTE
"De las Cortes Valencianas, sobre Resolución de apoyo al dictamen del Comité de las Regiones de la Unión Europea en relación con la escasez de agua y la sequía en la Unión Europea.",MEDIO AMBIENTE
"Plan de choque contra el maltrato animal.",MEDIO AMBIENTE
"Respuesta a la repulsa ciudadana en contra del maltrato animal, dirigida al Gobierno.",MEDIO AMBIENTE
"Conservación de los árboles monumentales y singulares, dirigida a la Sra. Consejera de Política Territorial, Sostenibilidad y Seguridad.",MEDIO AMBIENTE
"Reposición de árboles en Arucas, dirigida al Sr. Consejero de Infraestructuras, Transportes y Vivienda.",MEDIO AMBIENTE
"La protección de los bosques subtropicales ante la amenaza del cambio climático, dirigida al Gobierno.",MEDIO AMBIENTE
"Medidas de protección de la Montaña de Tindaya",MEDIO AMBIENTE
"Un plan regional de limpieza de montes y corta fuegos por medio de cabañas de ganado en pastoreo.",MEDIO AMBIENTE
"Ordenación de los Barrancos de Güímar y restauración de ese espacio.",MEDIO AMBIENTE
"Transferencias del Covenio con el Ministerio de Medio Ambiente, y Medio Rural y Marino en materia de restauración hidrológico-forestal.",MEDIO AMBIENTE
"Vertederos ilegales con proyecto de restauración en 2015, dirigida al Gobierno.",MEDIO AMBIENTE
"Del Cabildo Insular de Tenerife, sobre la restauración ambiental y paisajística de los Barrancos de Güímar.",MEDIO AMBIENTE
"Registro de animales potencialmente peligrosos en Lanzarote.",MEDIO AMBIENTE
"Regulación de la tenencia de animales potencialmente peligrosos.",MEDIO AMBIENTE
"Entrada de especies animales exóticas, dirigida al Gobierno.",MEDIO AMBIENTE
"La protección de los animales.",MEDIO AMBIENTE
"La legislación relacionada con el trato a los animales.",MEDIO AMBIENTE
"Censos de animales peligrosos y de mascotas.",MEDIO AMBIENTE
"Las medidas mínimas de seguridad y protección de las playas.",MEDIO AMBIENTE
"Seguridad y protección en las playas y zonas de baños naturales.",MEDIO AMBIENTE
"La invasión de medusas en las playas, dirigida al Gobierno.",MEDIO AMBIENTE
"Conservación y mejora de las playas frente a los procesos de erosión.",MEDIO AMBIENTE
"Conservación de los Espacios Naturales de El Hierro, dirigida a la Sra. Consejera de Política Territorial, Sostenibilidad y Seguridad.",MEDIO AMBIENTE
"Investigación, conservación y difusión en materia de arqueología, dirigida a la Sra. Consejera de Turismo, Cultura y Deportes.",MEDIO AMBIENTE
"Conservación de los Espacios Naturales de Gran Canaria, dirigida a la Sra. Consejera de Política Territorial, Sostenibilidad y Seguridad.",MEDIO AMBIENTE
"Conservación de los Espacios Naturales de Lanzarote, dirigida a la Sra. Consejera de Política Territorial, Sostenibilidad y Seguridad.",MEDIO AMBIENTE
"Las normas de conservación del monumento natural de Los Volcanes de Aridane, dirigida a la Sra. Consejera de Política Territorial, Sostenibilidad y Seguridad.",MEDIO AMBIENTE
"-Consejera de Política Territorial, Sostenibilidad y Seguridad-, sobre sostenibilidad y conservación de los Parques Nacionales.",MEDIO AMBIENTE
"Conservación y restauración del patrimonio histórico de Gran Canaria en 2007-2011.",MEDIO AMBIENTE
"Plan de Conservación del Guirre, dirigida al Sr. Consejero de Educación, Universidades y Sostenibilidad.",MEDIO AMBIENTE
"Programa de conservación de espacios naturales.",MEDIO AMBIENTE
"El Programa de Restauración y Conservación del Entorno Natural de las Islas.",MEDIO AMBIENTE
"Informe medioambiental del refugio pesquero de El Pris, en Tacoronte.",MEDIO AMBIENTE
"Informes de impacto medioambiental de las jaulas marinas en Canarias.",MEDIO AMBIENTE
"El Plan de Acción Medioambiental 1995.",MEDIO AMBIENTE
"La situación medioambiental de la isla de Lobos, dirigida a la señora Consejera de Política Territorial y Medio Ambiente.",MEDIO AMBIENTE
"La ejecución de los proyectos denominados "Actuaciones Medioambientales en cada una de las islas del Archipiélago".",MEDIO AMBIENTE
"Propuestas y acciones encaminadas a abordar el problema que afronta la sanidad pública en España.",ASUNTOS SOCIALES
"Estado de la situación del personal docente de religión en Canarias.",ASUNTOS SOCIALES
"Del Ayuntamiento de Teror, sobre la migración en Canarias.",ASUNTOS SOCIALES
"Bonificaciones y exenciones a las familias numerosas.",ASUNTOS SOCIALES
"La crisis institucional provocada por el secesionismo o declaración unilateral de independencia catalana, dirigida al Sr. Presidente del Gobierno.",ASUNTOS SOCIALES
"Solicitud al Gobierno del Estado en relación con la crisis migratoria.",ASUNTOS SOCIALES
"Ejecución del convenio firmado con el Estado en 2017 para proyectos contra la pobreza infantil, emergencia social,alquiler social y las ONG.",ASUNTOS SOCIALES
"Ejecución de la partida presupuestaria destinada al Plan de Pobreza e Inclusión Social.",ASUNTOS SOCIALES
"Medidas para combatir la pobreza y la desigualdad educativa, dirigida a la Sra. consejera de Educación, Universidades, Cultura y Deportes.",ASUNTOS SOCIALES
"Del Ayuntamiento de Tegueste, sobre medidas de prevención ante la ludopatía y de proliferación de las casas de juego y las apuestas on line.",ASUNTOS SOCIALES
"La tramitación y renovación del título de familia numerosa, dirigida a la Sra. consejera de Derechos Sociales, Igualdad, Diversidad y Juventud.",ASUNTOS SOCIALES
"Medidas para reducir el número de embarazos no deseados, dirigida al Sr. consejero de Sanidad.",ASUNTOS SOCIALES
"Ampliar el número de inspectores de salud pública de Canarias, dirigida a la Sra. consejera de Sanidad.",ASUNTOS SOCIALES
"Número de positivos en COVID-19 en centros sociosanitarios de atención a mayores, dirigida a la Sra. consejera de Derechos Sociales, Igualdad, Diversidad y Juventud.",ASUNTOS SOCIALES
"Del Cabildo Insular de Tenerife, con motivo del 8 de marzo, Día Internacional de las Mujeres.",ASUNTOS SOCIALES
"De la Sra. consejera de Derechos Sociales, Igualdad, Diversidad y Juventud, sobre el estudio Impacto de género de la crisis de la COVID-19. Incidencia sobre las mujeres víctimas de violencia de género.",ASUNTOS SOCIALES
"Menores en acogimiento familiar de 1998 a 2008, dirigida a la Sra. Consejera de Bienestar Social, Juventud y Vivienda.",ASUNTOS SOCIALES
"Tarjetas sanitarias por cupo de medicina familiar y pediatría.",ASUNTOS SOCIALES
"De trabajadoras del Centro de Educación Especial La Casita, sobre su situación de desigualdad salarial.",ASUNTOS SOCIALES
"Medidas para combatir la pobreza y la desigualdad educativa, dirigida a la Sra. consejera de Educación, Universidades, Cultura y Deportes.",ASUNTOS SOCIALES
"Ejecución de la partida presupuestaria destinada al Plan de Pobreza e Inclusión Social.",ASUNTOS SOCIALES
"Usuarios atendidos por el Plan Concertado en Servicios Sociales en 2015 y 2016.",ASUNTOS SOCIALES
"Mejora de infraestructuras para atención de salud mental y centros especializados en atención a demencias y alzhéimer.",ASUNTOS SOCIALES
"Medidas adoptadas y número de personas beneficiarias del reparto de mascarillas para garantizar la salud de los colectivos más vulnerables.",ASUNTOS SOCIALES
"El informe de la percepción social de la Prostitución de Mujeres y el análisis de la demanda prostitucional en Canarias 2017.",ASUNTOS SOCIALES
"Maltrato de parejas del mismo sexo, dirigida al Sr. Consejero de Presidencia, Justicia e Igualdad.",ASUNTOS SOCIALES
"Detección de situaciones de riesgo y maltrato infantil.",ASUNTOS SOCIALES
"Edades de los menores que sufren maltrato infantil en Canarias.",ASUNTOS SOCIALES
"Denuncias presentadas por profesores ante acoso, violencia o maltrato por alumnos.",ASUNTOS SOCIALES
"Plan para la igualdad de género en el sistema educativo.",ASUNTOS SOCIALES
"Propuestas a los Cabildos Insulares y a los Ayuntamientos para la constitución de Consejos de participación en materia de igualdad de género.",ASUNTOS SOCIALES
"Retrasos producidos en la detección de la enfermedad de cáncer producidos por la pandemia.",ASUNTOS SOCIALES
"Acciones desarrolladas en materia de salud pública con motivo de la pandemia de Covid-19, así como las implementadas como consecuencia de la aparición de la variante ómicron en la Comunicad Canaria.",ASUNTOS SOCIALES
"Convenios de cooperación con los ayuntamientos en 2018 para la ejecución de las prestaciones básicas de servicios sociales.",ASUNTOS SOCIALES
"Acceso a las ayudas sociales en relación con la violencia de género, dirigida al Sr. Consejero de Presidencia, Justicia e Igualdad.",ASUNTOS SOCIALES
"Redacción de la ley de igualdad LGTBI en Canarias y previsiones de su aprobación, dirigida a la Sra. consejera de Derechos Sociales, Igualdad, Diversidad y Juventud.",ASUNTOS SOCIALES
"Rechazo ante cualquier tipo de homofobia y repulsa ante el crecimiento de agresiones por LGTBIfobia.",ASUNTOS SOCIALES
"Del Ayuntamiento de Arucas, sobre Declaración Institucional con motivo del aumento de las agresiones LGTBIfóbicas ligadas a discursos de odio.",ASUNTOS SOCIALES
"Iniciativas de la Comisión Europea en relación con la discriminación, acoso o agresiones que padece la población LGTB.",ASUNTOS SOCIALES
"Actuaciones frente al VIH, el sida, las ITS, el estigma y la discriminación.",ASUNTOS SOCIALES
"De la Sra. consejera de Derechos Sociales, Igualdad, Diversidad y Juventud, sobre el plan para la reducción de la tasa de pobreza.",ASUNTOS SOCIALES
"De la Sra. consejera de Derechos Sociales, Igualdad, Diversidad y Juventud, sobre las familias monoparentales y el riesgo de pobreza y exclusión.",ASUNTOS SOCIALES
"De la Sra. consejera de Derechos Sociales, Igualdad, Diversidad y Juventud, sobre subvenciones a entidades sociales que aborden la pobreza e inclusión social.",ASUNTOS SOCIALES
"Plan contra la Pobreza.",ASUNTOS SOCIALES
"Estrategia para la lucha contra la pobreza y la exclusión social.",ASUNTOS SOCIALES
"Plan de Choque contra la Pobreza y la Exclusión Social en Canarias.",ASUNTOS SOCIALES
"Los embarazos no deseados en adolescentes, dirigida a la Sra. Consejera de Empleo y Asuntos Sociales.",ASUNTOS SOCIALES
"Prevención de embarazos en adolescentes, dirigida a la Sra. Consejera de Sanidad.",ASUNTOS SOCIALES
"La erradicación de la LGTBIfobia en el ámbito deportivo.",ASUNTOS SOCIALES
"La erradicación del acoso LGTBIfóbico en el ámbito escolar.",ASUNTOS SOCIALES
"De periodista y experta en igualdad, sobre la violencia de género y violencia vicaria.",ASUNTOS SOCIALES
"Del Ayuntamiento de Garafía, sobre la eliminación de la violencia de género en Canarias.",ASUNTOS SOCIALES
"Plan de seguridad para mujeres víctimas de violencia de género.",ASUNTOS SOCIALES
"Programa de Igualdad de Oportunidades entre sexos.",ASUNTOS SOCIALES
"Plan Canario de Igualdad de Oportunidades 2003-2005. ",ASUNTOS SOCIALES
"Del Sr. Consejero de Economía, Industria, Comercio y Conocimiento, sobre la próxima convocatoria de ayudas para la instalación de una nueva potencia de energía eólica.",ENERGIA
"La posición sobre el planteamiento de la Unión Europea de considerar si son o no, la energía nuclear y el gas, energías verdes, dirigida al Sr. consejero de Transición Ecológica, Lucha contra el Cambio Climático y Planificación Territorial.",ENERGIA
"La compensación a la producción de energía eléctrica en Canarias, dirigida al señor Consejero de Industria y Comercio.",ENERGIA
"De la Sra. consejera de Turismo, Industria y Comercio, sobre el concurso público de prospecciones mineras para buscar fuentes de energía sostenible.",ENERGIA
"Puesta en funcionamiento de equipo de generación de energía eléctrica en Fuerteventura, dirigida al Sr. Consejero de Industria, Comercio y Nuevas Tecnologías.",ENERGIA
"Cortes de suministro de energía eléctrica.",ENERGIA
"Plan de Energías Renovables.",ENERGIA
"Instalación de energía solar térmica en Tenerife.",ENERGIA
"Implantación del gas natural como fuente alternativa de energía.",ENERGIA
"Contra el Real Decreto-ley 12/2021, de 24 de junio, por el que se adoptan medidas urgentes en el ámbito de la fiscalidad energética y en materia de generación de energía, y sobre gestión del canon de regulación y de la tarifa de utilización del agua.",ENERGIA
"Del Gobierno, sobre los criterios, plazos y presupuesto para asignar los nuevos 150 MW de energía fotovoltaica en las islas por parte del IDAE y el Gobierno de Canarias.",ENERGIA
"La potencia total de energía eólica y fotovoltaica, dirigida al Sr. consejero de Transición Ecológica, Lucha contra el Cambio Climático y Planificación Territorial.",ENERGIA
"Previsión del Plan de Transición Energética para el almacenamiento de la energía en Fuerteventura, dirigida al Sr. consejero de Transición Ecológica, Lucha contra el Cambio Climático y Planificación Territorial.",ENERGIA
"Previsiones respecto al aumento de la demanda de energía eléctrica en las islas de Lanzarote y Fuerteventura para los próximos diez años.",ENERGIA
"Acciones ante UNELCO respecto del aumento de la demanda de energía eléctrica.",ENERGIA
"El Proyecto de Energía Alternativa elaborado desde el ITC para Tan-Tan, dirigida al Gobierno.",ENERGIA
"Cortes de suministro de energía eléctrica en Tenerife, dirigida al Gobierno.",ENERGIA
"Construcción de edificios aptos para la utilización de energía solar.",ENERGIA
"Política en materia de Energía Eólica.",ENERGIA
"Energía solar térmica.",ENERGIA
"Instalaciones para la producción, generación y almacenamiento de energías renovables.",ENERGIA
"Condiciones de la convocatoria de ayudas para la instalación de una nueva potencia de energía eólica, dirigida al Sr. Consejero de Economía, Industria, Comercio y Conocimiento.",ENERGIA
"Actuaciones para aumentar la presencia de energías renovables en La Gomera, dirigida al Sr. Consejero de Economía, Industria, Comercio y Conocimiento.",ENERGIA
"El cupo de 450 MW de energía eólica, dirigida al Sr. Consejero de Economía, Industria, Comercio y Conocimiento.",ENERGIA
"-Gobierno-, sobre participación en campaña internacional contra las prospecciones petroleras.",ENERGIA
"Potencia eléctrica de origen renovable a 31 de diciembre de 2017.",ENERGIA
"Concesión de potencia fotovoltaica desestimada.",ENERGIA
"Número de megavatios de energía renovable que suponen los proyectos en trámite, por islas.",ENERGIA
"Relación de megavatios instalados según UNELCO-ENDESA y Red Eléctrica.",ENERGIA
"Previsión de instalación de nuevos megavatios de potencia eólica, dirigida al Sr. Consejero de Economía, Industria, Comercio y Conocimiento.",ENERGIA
"El potencial de la energía geotérmica en La Palma, dirigida al Sr. Consejero de Economía, Industria, Comercio y Conocimiento.",ENERGIA
"Potencial de energía renovable, dirigida a la Sra. Consejera de Empleo, Industria y Comercio.",ENERGIA
"La potencialidad de la energía solar y las acciones para su desarrollo.",ENERGIA
"Actividad de las instalaciones de venta al público al por menor de gasolinas y gasóleos de automoción.",ENERGIA
"Concesión de licencia para estación de servicios de gasolina en el Paseo de Las Ramblas, Jinámar, Gran Canaria.",ENERGIA
"El uso de la gasolina sin plomo 98 octanos en La Palma, dirigida al Gobierno.",ENERGIA
"Excepción del Impuesto Especial sobre combustibles derivados del petróleo en el tramo actual en gasolina y gasóleo para El Hierro, La Gomera y La Palma.",ENERGIA
"Solicitud de una ley de inversión anual en energías limpias, y la formación profesional en energías maremotriz, undimotriz y geotérmica.",ENERGIA
"Inconvenientes existentes para el desarrollo de la energía geotérmica en Canarias y sus posibles soluciones.",ENERGIA
"Conclusiones de la Mesa de la Energía Geotérmica que afecten a Canarias, dirigida al Sr. Consejero de Economía, Industria, Comercio y Conocimiento.",ENERGIA
"Energía de fuentes renovables, dirigida al Sr. Consejero de Economía, Industria, Comercio y Conocimiento.",ENERGIA
"La propuesta de marco singular retributivo para la producción de energía con fuentes renovables, dirigida a la Sra. Consejera de Empleo, Industria y Comercio.",ENERGIA
"Incremento de la producción de energía de fuentes renovables, dirigida a la Sra. Consejera de Empleo, Industria y Comercio.",ENERGIA
"La energía hidroeólica a producir en El Hierro, dirigida a la Sra. Consejera de Empleo, Industria y Comercio.",ENERGIA
"La Central Hidroeólica de Gorona del Viento, El Hierro.",ENERGIA
"El contrato Mantenimiento, conservación y explotación de la Central Hidroeólica de la isla de El Hierro.",ENERGIA
"Diversificación de las fuentes energéticas, dirigida al Gobierno. ",ENERGIA
"El autoabastecimiento de la demanda energética desde fuentes renovables y la transformación y abastecimiento de parte de las energías renovables, dirigida al Sr. Consejero de Economía, Industria, Comercio y Conocimiento.",ENERGIA
"Propuesta de revisión del Plan Energético de Canarias PECAN.",ENERGIA
"Consumo energético en Gran Canaria y Tenerife.",ENERGIA
"Estrategia de almacenamiento energético en Canarias.",ENERGIA
"Ejecución del Plan Energético de Canarias (PCAN), dirigida al Gobierno.",ENERGIA
"Plan Energético de Canarias.",ENERGIA
"Consumo energético en Fuerteventura desde 1998.",ENERGIA
"Consumo energético en Gran Canaria y Tenerife.",ENERGIA
"Del Sr. consejero de Obras Públicas, Transportes y Vivienda, sobre el estado de los trámites para implantar una línea marítima de obligación de servicio público entre La Gomera, La Palma y El Hierro.",TRANSPORTE
"Del Sr. consejero de Obras Públicas, Transportes y Vivienda, sobre la política del transporte aéreo en Canarias.",TRANSPORTE
"Del Sr. consejero de Obras Públicas, Transportes y Vivienda, sobre el alcance del Protocolo de Colaboración con el Ministerio de Transportes, Movilidad y Agenda Urbana, para la coordinación de la medidas de ayudas transitorias al transporte público regular colectivo terrestre.",TRANSPORTE
"Autorización de gasto para la concesión de las aportaciones dinerarias a los cabildos insulares de Gran Canaria y de Tenerife, destinadas a financiar la política de movilidad del transporte terrestre público regular de viajeros en dichas islas.",TRANSPORTE
"Fechas de inicio de actividad de las embarcaciones de transporte de personas en Fuerteventura.",TRANSPORTE
"La subida de los billetes de las navieras Fred Olsen y Trasmediterránea, dirigida al Sr. Consejero de Infraestructuras, Transporte y Vivienda.",TRANSPORTE
"Las obligaciones de Servicio Público en el Transporte Aéreo.",TRANSPORTE
"El transporte aéreo interinsular.",TRANSPORTE
"De modificación de la Ley 13/2007, de 17 de mayo, de Ordenación del Transporte por Carretera de Canarias.",TRANSPORTE
"Estado del borrador del anteproyecto que modificará la Ley 13/2007, de 17 de mayo, de Ordenación del Transporte por Carretera de Canarias.",TRANSPORTE
"Las obras de mejora en la carretera LP-1 entre Los Llanos de Aridane y Tijarafe, dirigida al Sr. Vicepresidente del Gobierno y Consejero de Obras Públicas y Transportes.",TRANSPORTE
"Convenio de Carreteras.",TRANSPORTE
"El Convenio de colaboración con el Cabildo de Fuerteventura, 2007-2008, de Transporte regular de Viajeros por carretera e infraestructuras de transporte.",TRANSPORTE
"Ejecución del Plan de Carreteras en Tenerife.",TRANSPORTE
"Coches parados con el motor en marcha de manera recurrente y dolosa.",TRANSPORTE
"Puntos de recarga para coches eléctricos e híbridos, dirigida a la Sra. Consejera de Empleo, Industria y Comercio.",TRANSPORTE
"Adquisición de material coches patrulla y otros para el Cuerpo General de la Policía Canaria.",TRANSPORTE
"El colapso de tráfico en Los Cristianos por la llegada y salida de los barcos de transporte de pasajeros y vehículos que provienen de La Gomera, La Palma y El Hierro, dirigida al Sr. consejero de Obras Públicas, Transportes y Vivienda.",TRANSPORTE
"Pasajeros en avión a La Gomera, dirigida al Sr. Consejero de Obras Públicas, Transportes y Política Territorial.",TRANSPORTE
"La empresa pública de transporte urbano Guaguas Municipales de Las Palmas de Gran Canaria.",TRANSPORTE
"La no puesta en funcionamiento de la Estación de Guaguas de Arrecife.",TRANSPORTE
"La gratuidad de guaguas y tranvía para 2023, dirigida a la Presidencia del Gobierno.",TRANSPORTE
"Dación de cuenta del convenio celebrado con el Cabildo Insular de Gran Canaria para la ejecución de obras de mejora de accesos viales de paradas de autobuses.",TRANSPORTE
"La prestación del servicio público de transporte escolar.",TRANSPORTE
"El servicio público de transporte colectivo de viajeros en Lanzarote.",TRANSPORTE
"El tranvía o metro ligero en Tenerife.",TRANSPORTE
"Trazado del tranvía de Tenerife hasta el Aeropuerto de Los Rodeos.",TRANSPORTE
"Tráfico aéreo en el aeropuerto de Lanzarote en 2017.",TRANSPORTE
"Tráfico de pasajeros y vehículos por cada uno de los puertos de la red de Puertos Canarios, de los años 2015 a 2018.",TRANSPORTE
"Adaptación de las vías públicas al tráfico ciclista.",TRANSPORTE
"Problema viario en Icod de los Vinos.",TRANSPORTE
"Seguridad vial en las obras de la TF-5, tramo Santa Cruz de Tenerife - La Laguna.",TRANSPORTE
"Aplicación de la Directiva Europea que regula el procedimiento de medición de la eficacia de frenado en camiones y guaguas, dirigida a la Sra. Consejera de Empleo, Industria y Comercio.",TRANSPORTE
"Helicópteros medicalizados o de soporte vital avanzado con base o prestación de servicio en La Palma, dirigida al Sr. consejero de Sanidad.",TRANSPORTE
"Base permanente de helicópteros kamov en Canarias.",TRANSPORTE
"El helicóptero del GIE en La Palma, dirigida al Gobierno.",TRANSPORTE
"Kilómetros de autovía y autopista en uso, dirigida al Sr. Consejero de Obras Públicas, Transportes y Política Territorial.",TRANSPORTE
"Acciones para tener una movilidad más sostenible, dirigida al Sr. Vicepresidente del Gobierno y Consejero de Obras Públicas y Transportes.",TRANSPORTE
"Medidas para resolver el actual problema de colapso en la TF-1 y TF-5, dirigida al Sr. Consejero de Obras Públicas y Transportes.",TRANSPORTE
"Del Sr. consejero de Obras Públicas, Transportes y Vivienda, sobre las actuaciones para acabar con los atascos en la TF-5",TRANSPORTE
"Los portabicicletas exteriores instalados desde 2016, dirigida al Sr. Consejero de Obras Públicas y Transportes. ",TRANSPORTE
"Proyectos para disponer de carriles para bicicletas, dirigida al Sr. Consejero de Obras Públicas, Vivienda y Aguas.",TRANSPORTE
"Disposición de carriles para bicicletas, dirigida al Sr. Consejero de Obras Públicas, Vivienda y Aguas.",TRANSPORTE
"Adaptación de las vías públicas al tráfico ciclista.",TRANSPORTE
"Construcción de arcén para peatones y ciclistas en las nuevas vías interurbanas.",TRANSPORTE
"El puente peatonal sobre la TF-5, Barrio de Chamberí, Santa Cruz de Tenerife.",TRANSPORTE
"Proyectos redactados y pendientes de licitar para la peatonalización de vías públicas en Canarias, con desglose por islas.",TRANSPORTE
"Proyectos pendientes de redactar para la peatonalización de vías públicas en Canarias, con desglose por islas.",TRANSPORTE
"Proyecto para solucionar el colapso circulatorio de la TF-5, dirigida al Gobierno.",TRANSPORTE
"El tramo Los Realejos-Icod de Los Vinos de la Autopista del norte de Tenerife (TF-5).",TRANSPORTE
"Requisitos de accesibilidad de las guaguas.",TRANSPORTE
"Plan de viabilidad sobre guaguas municipales de Las Palmas de Gran Canaria.",TRANSPORTE
"Líneas de transporte de guaguas para las conexiones del Sur de Tenerife, dirigida a la Sra. Consejera de Obras Públicas y Transportes.",TRANSPORTE
"Proyectos TF-1, Tenerife.",TRANSPORTE
"Proyectos redactados relativos a la TF-5.",TRANSPORTE
"Documento de disposición de pago de estudio de impacto de pesca recreativa submarina Fase I.",AGRICULTURA; SILVICULTURA Y PESCA
"Expedientes sancionadores incoados a pescadores profesionales.",AGRICULTURA; SILVICULTURA Y PESCA
"Informe de impacto de pesca recreativa submarina Fase II.",AGRICULTURA; SILVICULTURA Y PESCA
"Zonas habilitadas para la práctica deportiva de la pesca submarina.",AGRICULTURA; SILVICULTURA Y PESCA
"Estudios e informes en relación a la pesca submarina.",AGRICULTURA; SILVICULTURA Y PESCA
"La pesca mediante nasa.",AGRICULTURA; SILVICULTURA Y PESCA
"Los cuestionarios que cumplimentan los pescadores recreativos y profesionales.",AGRICULTURA; SILVICULTURA Y PESCA
"Volumen de capturas de primera venta por Cofradías de pescadores desde 2005.",AGRICULTURA; SILVICULTURA Y PESCA
"La normativa que regula la utilización de las grúas por concesión de las cofradías de pescadores.",AGRICULTURA; SILVICULTURA Y PESCA
"Colaboración con los concursos de pesca, dirigida al Gobierno.",AGRICULTURA; SILVICULTURA Y PESCA
"Programas de ayuda a los agricultores.",AGRICULTURA; SILVICULTURA Y PESCA
"Reuniones con los agricultores del sector platanero, dirigida al Sr. Consejero de Agricultura, Ganadería, Pesca y Aguas.",AGRICULTURA; SILVICULTURA Y PESCA
"Pagos a agricultores y ganaderos con cargo al POSEI.",AGRICULTURA; SILVICULTURA Y PESCA
"Compensación a los agricultores afectados por la polilla de la papa.",AGRICULTURA; SILVICULTURA Y PESCA
"Efectos en los agricultores profesionales de la Orden relativa a la Modernización de las Explotaciones Agrarias.",AGRICULTURA; SILVICULTURA Y PESCA
"Los convenios con los Cabildos Insulares para ayuda a los agricultores afectados por la sequía.",AGRICULTURA; SILVICULTURA Y PESCA
"Acuerdo plenario (9-2-98) relativo a la defensa de los intereses de los agricultores del olivar español ante la Unión Europea.",AGRICULTURA; SILVICULTURA Y PESCA
"La recogida de pesticidas, plásticos de invernaderos y otros residuos agrícolas.",AGRICULTURA; SILVICULTURA Y PESCA
"Ayudas a los sectores ganaderos y agrícolas de Lanzarote, dirigida al Gobierno.",AGRICULTURA; SILVICULTURA Y PESCA
"Política agrícola común europea.",AGRICULTURA; SILVICULTURA Y PESCA
"Reducción de la siniestralidad laboral en el sector agrícola.",AGRICULTURA; SILVICULTURA Y PESCA
"Operadores-productores agrícolas ecológicos en Lanzarote.",AGRICULTURA; SILVICULTURA Y PESCA
"Propuesta que modifica el Reglamento (UE) 2018/841 en lo relativo al ámbito de aplicación, la simplificación de las normas de cumplimiento, el establecimiento de los objetivos de los Estados miembros para 2030 y el compromiso con la consecución colectiva de la neutralidad climática para 2035 en el sector del uso de la tierra, la silvicultura y la agricultura, y el Reglamento (UE) 2018/199.",AGRICULTURA; SILVICULTURA Y PESCA
"Restricción de los cultivos transgénicos, dirigida al Sr. Consejero de Agricultura, Ganadería, Pesca y Aguas.",AGRICULTURA; SILVICULTURA Y PESCA
"Situación del cultivo del plátano y sus productores, dirigida al Sr. Consejero de Agricultura, Ganadería, Pesca y Aguas.",AGRICULTURA; SILVICULTURA Y PESCA
"Del Sr. Consejero de Agricultura, Ganadería, Pesca y Aguas, sobre el cultivo del tomate.",AGRICULTURA; SILVICULTURA Y PESCA
"Hectáreas dedicadas a cultivos y agricultura ecológica, dirigida al Sr. Consejero de Agricultura, Ganadería, Pesca y Aguas.",AGRICULTURA; SILVICULTURA Y PESCA
"Peso del sector de cultivos forrajeros en el sector agrícola, dirigida al Sr. Consejero de Agricultura, Ganadería, Pesca y Aguas.",AGRICULTURA; SILVICULTURA Y PESCA
"Prevención y erradicación de las plagas que afectan al cultivo de la papa.",AGRICULTURA; SILVICULTURA Y PESCA
"La situación actual del cultivo de cebolla en la isla de Lanzarote.",AGRICULTURA; SILVICULTURA Y PESCA
"El cultivo de variedades tradicionales de las islas de Lanzarote y Fuerteventura.",AGRICULTURA; SILVICULTURA Y PESCA
"El cultivo del almendro en Canarias.",AGRICULTURA; SILVICULTURA Y PESCA
"El Plan Forestal de Canarias.",AGRICULTURA; SILVICULTURA Y PESCA
"El expediente de la brigada forestal, dirigida a la Sra. Consejera de Política Territorial, Sostenibilidad y Seguridad.",AGRICULTURA; SILVICULTURA Y PESCA
"Aumento de superficie forestal, dirigida a la Sra. Consejera de Política Territorial, Sostenibilidad y Seguridad.",AGRICULTURA; SILVICULTURA Y PESCA
"Actuaciones en materia de Planes Forestales, dirigida a la Sra. Consejera de Política Territorial, Sostenibilidad y Seguridad.",AGRICULTURA; SILVICULTURA Y PESCA
"Nuevas medidas en el marco del Plan de prevención y protección contra incendios forestales, dirigida al Gobierno.",AGRICULTURA; SILVICULTURA Y PESCA
"Fomento de la agricultura en el suelo aledaño a zonas forestales, dirigida al Sr. Consejero de Agricultura, Ganadería, Pesca y Aguas.",AGRICULTURA; SILVICULTURA Y PESCA
"Resoluciones sancionadoras en materia de ganadería, período 2000-2015.",AGRICULTURA; SILVICULTURA Y PESCA
"Medidas para dignificar el sector de los cabreros y el pastoreo, dirigida al Sr. Consejero de Agricultura, Ganadería, Pesca y Aguas.",AGRICULTURA; SILVICULTURA Y PESCA
"Plantaciones registradas en el Consejo Regulador de Agricultura Ecológica, dirigida al Gobierno.",AGRICULTURA; SILVICULTURA Y PESCA
"La plaga de polilla guatemalteca en las plantaciones de papas en Gran Canaria, dirigida al Sr. Consejero de Agricultura, Ganadería, Pesca y Alimentación.",AGRICULTURA; SILVICULTURA Y PESCA
"Control de plaguicidas utilizados en cultivos, dirigida al Sr. Consejero de Medio Ambiente y Ordenación Territorial.",AGRICULTURA; SILVICULTURA Y PESCA
"El uso de plaguicidas para cultivos, dirigida a la Sra. Consejera de Agricultura, Ganadería, Pesca y Alimentación.",AGRICULTURA; SILVICULTURA Y PESCA
"Capturas de primera venta por cofradías de pescadores.",AGRICULTURA; SILVICULTURA Y PESCA
"Estudio relativo al impacto de la pesca submarina de recreo.",AGRICULTURA; SILVICULTURA Y PESCA
"Volumen de capturas de primera venta por Cofradías de pescadores desde 2005.",AGRICULTURA; SILVICULTURA Y PESCA
"Autorizaciones de pesca submarina.",AGRICULTURA; SILVICULTURA Y PESCA
"Plagas detectadas en los controles a la importación de semillas y plantas, dirigida al Sr. Consejero de Agricultura, Ganadería, Pesca y Aguas.",AGRICULTURA; SILVICULTURA Y PESCA
"El censo de agricultores profesionales en Lanzarote, dirigida al Sr. Consejero de Agricultura, Ganadería, Pesca y Aguas.",AGRICULTURA; SILVICULTURA Y PESCA
"Partida ejecutada del PDR destinada a primera instalación de jóvenes agricultores y ganaderos en 2017.",AGRICULTURA; SILVICULTURA Y PESCA
"Potenciación de los mercados agrícolas-ganaderos, dirigida a la Sra. Consejera de Agricultura, Ganadería, Pesca y Alimentación.",AGRICULTURA; SILVICULTURA Y PESCA
"Compromisos con los ganaderos de La Palma con respecto a la fábrica de piensos, dirigida al Sr. Consejero de Agricultura, Ganadería, Pesca y Alimentación.",AGRICULTURA; SILVICULTURA Y PESCA
"Ayudas a los agricultores y ganaderos afectados por el temporal, dirigida al señor Consejero de Agricultura, Pesca y Alimentación.",AGRICULTURA; SILVICULTURA Y PESCA
"Acciones que se están realizando para las mejoras en la gestión de los residuos ganaderos, dirigida a la Sra. consejera de Agricultura, Ganadería y Pesca.",AGRICULTURA; SILVICULTURA Y PESCA
"De Creación del Colegio Profesional de Logopedas de Canarias.",EDUCACIÓN Y COMUNICACIÓN
"Enseñanzas de Arte y Diseño en Fuerteventura.",EDUCACIÓN Y COMUNICACIÓN
"Empatía hacia los animales entre los contenidos educativos en la enseñanza obligatoria.",EDUCACIÓN Y COMUNICACIÓN
"Fomento de la motivación del alumnado y profesorado en las enseñanzas de formación profesional, dirigida a la Sra. Consejera de Educación y Universidades.",EDUCACIÓN Y COMUNICACIÓN
"Solicitud al Gobierno del Estado en relación con la ordenación de las enseñanzas universitarias oficiales.",EDUCACIÓN Y COMUNICACIÓN
"Incidencias en las enseñanzas no universitarias al comienzo del curso escolar y su afección a la calidad del sistema educativo público.",EDUCACIÓN Y COMUNICACIÓN
"Los centros de enseñanza marítimo-pesquera.",EDUCACIÓN Y COMUNICACIÓN
"La enseñanza de las lenguas extranjeras, dirigida al Gobierno.",EDUCACIÓN Y COMUNICACIÓN
"El fracaso escolar durante el curso 96-97 en enseñanzas medias, dirigida al señor Consejero de Educación, Cultura y Deportes.",EDUCACIÓN Y COMUNICACIÓN
"Gratuidad de los libros de texto de los centros sostenidos con fondos públicos en la enseñanza obligatoria.",EDUCACIÓN Y COMUNICACIÓN
"Medidas para reforzar la formación entre los docentes de cara a las nuevas formas de impartir clases online, dirigida a la Sra. consejera de Educación, Universidades, Cultura y Deportes.",EDUCACIÓN Y COMUNICACIÓN
"Clases particulares de inglés para altos cargos de la Consejería de Turismo.",EDUCACIÓN Y COMUNICACIÓN
"Criterios de la dirección de informativos para el tratamiento de la información parlamentaria en los espacios de telenoticias, dirigida al Sr. administrador único de RTVC.",EDUCACIÓN Y COMUNICACIÓN
"Sistemas de información, comunicaciones e informática en la Administración Autonómica.",EDUCACIÓN Y COMUNICACIÓN
"Política en materia de informática y comunicaciones, dirigida al Consejero de Presidencia.",EDUCACIÓN Y COMUNICACIÓN
"Mejora de infraestructuras informáticas con cargo al protocolo de evaluación del profesorado universitario.",EDUCACIÓN Y COMUNICACIÓN
"La infraestructura general de repetidores y sistemas de la Red de Radiocomunicaciones Digital TETRA, dirigida al Sr. Consejero de Economía, Hacienda y Seguridad.",EDUCACIÓN Y COMUNICACIÓN
"La cobertura móvil y de los sistemas de comunicación de emergencias.",EDUCACIÓN Y COMUNICACIÓN
"Alumnos del programa de acogida temprana en los cursos 2006-2007 y 2007-2008 en centros escolares públicos.",EDUCACIÓN Y COMUNICACIÓN
"El programa de gestión de la matrícula, notas y expedientes académicos de los alumnos",EDUCACIÓN Y COMUNICACIÓN
"La convocatoria del Consejo de Estudiantes de Enseñanzas Superiores, dirigida a la Sra. consejera de Educación, Universidades, Cultura y Deportes.",EDUCACIÓN Y COMUNICACIÓN
"Las becas de los estudiantes, dirigida a la Sra. consejera de Educación, Universidades, Cultura y Deportes.",EDUCACIÓN Y COMUNICACIÓN
"Número de estudiantes de secundaria y de formación profesional titulados.",EDUCACIÓN Y COMUNICACIÓN
"Estudiantes que se presentaron a las pruebas EBAU 2020, con indicación de las islas de procedencia, número de aprobados y suspensos.",EDUCACIÓN Y COMUNICACIÓN
"Número de estudiantes de Tenerife registrados al Aula Virtual.",EDUCACIÓN Y COMUNICACIÓN
"Estudiantes universitarios matriculados en el curso 2019-2020, por islas de procedencia.",EDUCACIÓN Y COMUNICACIÓN
"Estudiantes de secundaria y FP titulados en centros que poseen calidad y en centros que no poseen calidad.",EDUCACIÓN Y COMUNICACIÓN
"Programa, impulsado y coordinado por la Oficina del Gobierno de Canarias en Bruselas, para prácticas de estudiantes canarios.",EDUCACIÓN Y COMUNICACIÓN
"Prácticas del alumnado de FP de Educación Infantil, dirigida a la Sra. Consejera de Educación y Universidades.",EDUCACIÓN Y COMUNICACIÓN
"Selección del profesorado para prácticas en centros educativos, dirigida a la Sra. Consejera de Educación y Universidades.",EDUCACIÓN Y COMUNICACIÓN
"Las nuevas aulas y el comedor escolar del CEIP Caserones, Gran Canaria, dirigida al Consejero de Educación, Universidades y Sostenibilidad.",EDUCACIÓN Y COMUNICACIÓN
"El cierre de aulas en el Colegio Público Poeta Fernando González de San Juan, Telde.",EDUCACIÓN Y COMUNICACIÓN
"Solicitud al Gobierno del Estado en relación con las titulaciones de Ingeniería Informática.",EDUCACIÓN Y COMUNICACIÓN
"Las infraestructuras de comunicaciones informáticas, dirigida a la Sra. Consejera de Industria, Comercio y Nuevas Tecnologías.",EDUCACIÓN Y COMUNICACIÓN
"Mejora de infraestructuras informáticas con cargo al protocolo de evaluación del profesorado universitario.",EDUCACIÓN Y COMUNICACIÓN
"Número de matrículas en la escuela de adultos de El Hierro de 2015 a 2018.",EDUCACIÓN Y COMUNICACIÓN
"Matriculados en Formación Profesional el curso 2015-2016.",EDUCACIÓN Y COMUNICACIÓN
"Matriculados en Bachillerato el curso 2015-2016.",EDUCACIÓN Y COMUNICACIÓN
"Solicitud al Gobierno del Estado en relación con los precios de las matrículas universitarias.",EDUCACIÓN Y COMUNICACIÓN
"El programa de gestión de la matrícula, notas y expedientes académicos de los alumnos (PINCEL).",EDUCACIÓN Y COMUNICACIÓN
"La convocatoria de becas universitarias 2017-2018, dirigida a la Sra. Consejera de Educación y Universidades.",EDUCACIÓN Y COMUNICACIÓN
"Becas universitarias, dirigida a la Sra. Consejera de Educación y Universidades.",EDUCACIÓN Y COMUNICACIÓN
"Nuevas titulaciones universitarias para el curso 2016/2017, dirigida a la Sra. Consejera de Educación y Universidades.",EDUCACIÓN Y COMUNICACIÓN
"Alumnos con becas universitarias en La Gomera en el curso 2017-2018, dirigida a la Sra. Consejera de Educación y Universidades.",EDUCACIÓN Y COMUNICACIÓN
"Alumnos de El Hierro matriculados en las Universidades el curso 2015/2016 en residencias universitarias, dirigida a la Sra. Consejera de Educación y Universidades.",EDUCACIÓN Y COMUNICACIÓN
"-Consejera de Educación y Universidades-, sobre política universitaria.",EDUCACIÓN Y COMUNICACIÓN
"Personal de la Reforma Educativa (LOCE).",EDUCACIÓN Y COMUNICACIÓN
"La Oficina para la Reforma Educativa.",EDUCACIÓN Y COMUNICACIÓN
"La Reforma Educativa puesta en marcha por el Gobierno de la Nación.",EDUCACIÓN Y COMUNICACIÓN
"El proceso de reforma de la inspección educativa.",EDUCACIÓN Y COMUNICACIÓN
"Número de centros educativos del mapa escolar de Tenerife para el curso 2020/2021.",EDUCACIÓN Y COMUNICACIÓN
"Plan educativo llevado a cabo durante el estado de alarma.",EDUCACIÓN Y COMUNICACIÓN
"Alumnado con necesidades específicas de apoyo educativo.",EDUCACIÓN Y COMUNICACIÓN
"Profesorado asociado a alumnado con necesidades específicas de apoyo educativo.",EDUCACIÓN Y COMUNICACIÓN
"Número de dispositivos informáticos entregados por centro educativo y criterios para hacer la distribución debido al estado de alarma.",EDUCACIÓN Y COMUNICACIÓN
"De la Sra. consejera de Economía, Conocimiento y Empleo, sobre el análisis de las empresas de inserción social y los centros especiales de empleo y sus efectos en el mercado laboral.",TRABAJO Y EMPLEO
"De la Sra. consejera de Economía, Conocimiento y Empleo, sobre las acciones para el reconocimiento de las competencias adquiridas en la experiencia laboral.",TRABAJO Y EMPLEO
"De la Sra. consejera de Economía, Conocimiento y Empleo, sobre el desempleo de Canarias.",TRABAJO Y EMPLEO
"Del Sr. consejero de Administraciones Públicas, Justicia y Seguridad, sobre la situación de la adjudicación de las plazas derivadas de las ofertas de empleo público de 2015, 2016 y 2017.",TRABAJO Y EMPLEO
"Cambios normativos para impulso de la vigilancia, mejora de las condiciones laborales y reconocimiento de las enfermedades laborales propias, en el sector turístico y hotelero.",TRABAJO Y EMPLEO
"Convocatoria de empleo de la Fundación IDEO.",TRABAJO Y EMPLEO
"Medidas para el fomento del empleo juvenil desde el año 2015.",TRABAJO Y EMPLEO
"Acciones para paliar en el sector turístico los efectos en la calidad del empleo como consecuencia de la reforma laboral.",TRABAJO Y EMPLEO
"Demandantes de empleo contratados como consecuencia de la Ley de Presupuestos Generales de la Comunidad Autónoma de Canarias para 2017.",TRABAJO Y EMPLEO
"Administraciones públicas que han presentado ofertas de empleo ante el Servicio Canario de Empleo.",TRABAJO Y EMPLEO
"Contratos menores adjudicados por la Consejería de Empleo, Políticas Sociales y Vivienda el primer trimestre de 2017.",TRABAJO Y EMPLEO
"Huelga del Personal Laboral de la Administración Pública.",TRABAJO Y EMPLEO
"La reestructuración del horario laboral de los trabajadores del Servicio Canario de la Salud, dirigida al Sr. Consejero de Sanidad.",TRABAJO Y EMPLEO
"Reuniones con los representantes de los trabajadores, dirigida al Sr. Presidente del Consejo Rector de RTVC.",TRABAJO Y EMPLEO
"Criterio de contratación del personal laboral administrativo, dirigida al Sr. Consejero de Educación, Cultura y Deportes.",TRABAJO Y EMPLEO
"La huelga del sector de la construcción por causa de la siniestralidad laboral, dirigida al Sr. Consejero de Empleo y Asuntos Sociales.",TRABAJO Y EMPLEO
"Medidas para reducir los accidentes laborales en Fuerteventura, dirigida al Sr. Consejero de Empleo y Asuntos Sociales.",TRABAJO Y EMPLEO
"Campaña de información para la inserción laboral de discapacitados, dirigida al Gobierno.",TRABAJO Y EMPLEO
"Huelga del Personal Laboral de la Administración Pública.",TRABAJO Y EMPLEO
"Preaviso de huelga en relación con la homologación del personal laboral.",TRABAJO Y EMPLEO
"El desempleo, dirigida al Sr. Consejero de Empleo, Industria y Comercio.",TRABAJO Y EMPLEO
"La tasa de desempleo.",TRABAJO Y EMPLEO
"De la Sra. consejera de Economía, Conocimiento y Empleo, sobre las cifras del paro en Canarias.",TRABAJO Y EMPLEO
"Medidas para contrarrestar el paro juvenil en Canarias.",TRABAJO Y EMPLEO
"Medidas y políticas para evitar que siga aumentando el paro, especialmente para que las mujeres afectadas recuperen el empleo, dirigida a la Sra. consejera de Economía, Conocimiento y Empleo.",TRABAJO Y EMPLEO
"Los últimos datos conocidos del paro en Canarias, dirigida a la Sra. consejera de Economía, Conocimiento y Empleo.",TRABAJO Y EMPLEO
"Valoración tras situarse Canarias por debajo de las cifras de paro de 2008 y descender de los 200000 parados, dirigida a la Presidencia del Gobierno.",TRABAJO Y EMPLEO
"La disminución este febrero del número de parados, dirigida a la Presidencia del Gobierno.",TRABAJO Y EMPLEO
"Parados inscritos de forma ininterrumpida durante más de doce meses en el Servicio Canario de Empleo a fecha 1 de junio de 2020.",TRABAJO Y EMPLEO
"El Programa de Movilidad Laboral de los Parados.",TRABAJO Y EMPLEO
"Datos en medios de comunicación acerca de parados que rechazan empleos.",TRABAJO Y EMPLEO
"Del Gobierno, sobre la incidencia del teletrabajo, su integración en la administración pública y las medidas a desarrollar para su conciliación, control, implementación y fomento en el tejido empresarial de las islas.",TRABAJO Y EMPLEO
"Incentivar el teletrabajo durante el coronavirus, dirigida a la Sra. consejera de Economía, Conocimiento y Empleo.",TRABAJO Y EMPLEO
"De la Sra. consejera de Economía, Conocimiento y Empleo, sobre el plan de rescate para las empresas y trabajadores autónomos en especiales dificultades. ",TRABAJO Y EMPLEO
"De la Sra. consejera de Economía, Comercio y Empleo, sobre abordaje desde la prevención de riesgos laborales del impacto en la salud mental de los trabajadores con profesiones sometidas a mayor presión por el COVID-19.",TRABAJO Y EMPLEO
"De la Sra. consejera de Turismo, Industria y Comercio, sobre la nueva promoción de teletrabajadores que ha puesto en marcha Turismo de Canarias.",TRABAJO Y EMPLEO
"Contratos indefinidos a trabajadores minusválidos en septiembre de 2006, dirigida al Gobierno.",TRABAJO Y EMPLEO
"Carné profesional para trabajadores y para constructores en materia de riesgos laborales.",TRABAJO Y EMPLEO
"Contratos temporales de trabajadores de la empresa pública Gestión y Planeamiento Territorial y Medioambiental SAU (GESPLAN) en Fuerteventura.",TRABAJO Y EMPLEO
"Lista de espera para cubrir bajas de trabajadores sociales en La Gomera.",TRABAJO Y EMPLEO
"Condiciones laborales en el sector cultural.",TRABAJO Y EMPLEO
"Condiciones laborales de los guardias civiles.",TRABAJO Y EMPLEO
"Mejora de las condiciones laborales en el sector turístico, dirigida al Gobierno.",TRABAJO Y EMPLEO
"Del Cabildo Insular de Lanzarote, sobre condiciones laborales en el sector de la hostelería.",TRABAJO Y EMPLEO
"Condiciones laborales del profesorado no universitario.",TRABAJO Y EMPLEO
"Despido o rescisión de contratos laborales del personal de Mercocanarias.",TRABAJO Y EMPLEO
"Contrato laboral y retribución, dirigida al Sr. Director General de Radiotelevisión Canaria.",TRABAJO Y EMPLEO
"Número de contratos laborales rescindidos en el sector turístico durante el mes de agosto.",TRABAJO Y EMPLEO
"De la Sra. consejera de Economía, Conocimiento y Empleo, sobre la evolución de los contratos laborales durante los últimos años.",TRABAJO Y EMPLEO
"Los contratos de los administrativos laborales que prestan servicios en Educación, dirigida al Sr. Consejero de Presidencia.",TRABAJO Y EMPLEO
"Contratos con la empresa TASISA.",TRABAJO Y EMPLEO
"Contratos indefinidos de trabajadores discapacitados en 2007, dirigida al Sr. Consejero de Empleo, Industria y Comercio.",TRABAJO Y EMPLEO
"Contratos indefinidos, dirigida al Sr. Consejero de Empleo, Industria y Comercio.",TRABAJO Y EMPLEO
"Contratos indefinidos de trabajadores discapacitados en 2009, dirigida al Sr. Consejero de Empleo, Industria y Comercio.",TRABAJO Y EMPLEO
"Trabajos del Observatorio Canario de Empleo en 2012.",TRABAJO Y EMPLEO
"Administrador o administradora general de partidos, federaciones y coaliciones que concurren a las elecciones al Parlamento de Canarias 2023.",VIDA POLÍTICA
"Impugnación de celebración de elecciones.",VIDA POLÍTICA
"Del Cabildo Insular de Tenerife, sobre la orientación general de la política insular.",VIDA POLÍTICA
"Investidura del candidato/a a la Presidencia de Canarias.",VIDA POLÍTICA
"Delegación en la Presidencia de la Junta Electoral de Canarias.",VIDA POLÍTICA
"Informe de la situación jurídica en la que se encuentra el partido político Nueva Canarias (NCa).",VIDA POLÍTICA
"Las repercusiones del pacto político entre Coalición Canaria y Partido Popular en la estructura funcionarial de la Comunidad Autónoma.",VIDA POLÍTICA
"Acta del último pleno del Consejo de Políticas de Juventud.",VIDA POLÍTICA
"Delegación en la Presidencia de la Comisión de la facultad de admitir solicitudes de presencias/comparecencias realizadas por los grupos parlamentarios.",VIDA POLÍTICA
"Delegación en la Presidencia de la Junta Electoral de Canarias.",VIDA POLÍTICA
"De la Presidencia y del Gobierno de Canarias.",VIDA POLÍTICA
"Escrito del Partido Político Independiente Tolerante Referendario Cultural Gratuito Naturaleza (PITRCGN), sobre recruso judicial en relación con el reparto de votos y escaños en el Parlamento de Canarias de las Elecciones Autonómicas del 28 de mayo de 1995.",VIDA POLÍTICA
"Vox (VOX).",VIDA POLÍTICA
"Solicitud de amparo a la Mesa del Parlamento y queja a la Alcaldía del Excmo. Ayuntamiento de Los Llanos de Aridane.",VIDA POLÍTICA
"Acuerdos de la Mesa del Parlamento de 10 y de 13 de octubre de 2022, de solicitud de informes al Consejo Municipal de Canarias.",VIDA POLÍTICA
"Solicitud de aprobación de modelo oficial de papeletas electorales a utilizar en las elecciones al Parlamento de Canarias de 28 de mayo de 2023.",VIDA POLÍTICA
"Del Gobierno, sobre los avances de la agenda canaria en la Conferencia de Presidentes del pasado 4 de septiembre.",VIDA POLÍTICA
"Grupo Parlamentario Sí Podemos Canarias.",VIDA POLÍTICA
"Grupo Parlamentario Agrupación Socialista Gomera (ASG).",VIDA POLÍTICA
"Aclaración de situación política de grupo parlamentario.",VIDA POLÍTICA
"Contactos con el Ministro de Administraciones Públicas, dirigida al Sr. Consejero de Presidencia y Justicia.",VIDA POLÍTICA
"Creación de oficinas de uso institucional de los grupos parlamentarios en las islas no sede del Parlamento.",VIDA POLÍTICA
"El pacto de gobierno entre Coalición Canaria y PSOE, dirigida al Sr. Presidente del Gobierno.",VIDA POLÍTICA
"La oportunidad y la urgencia del PSOE de reformar el Estatuto de Autonomía, dirigida al Sr. Presidente del Gobierno.",VIDA POLÍTICA
"Decretos del Presidente del Gobierno.",VIDA POLÍTICA
"Formación política Partido Socialista Obrero Español (PSOE).",VIDA POLÍTICA
"Campaña electoral de Juan Fernando López Aguilar, candidato del PSC-PSOE.",VIDA POLÍTICA
"La oportunidad y la urgencia del PSOE de reformar el Estatuto de Autonomía, dirigida al Sr. Presidente del Gobierno.",VIDA POLÍTICA
"Formación política Vox.",VIDA POLÍTICA
"De la formación política VOX, contra el acuerdo de la Junta Electoral de Canarias, sobre composición de la Comisión de Control de Radio y Televisión.",VIDA POLÍTICA
"Denuncia por el mantenimiento de vallas de propaganda electoral por parte de un candidato del Partido Popular.",VIDA POLÍTICA
"Formación política Partido Popular.",VIDA POLÍTICA
"Medidas para combatir de forma efectiva la corrupción.",VIDA POLÍTICA
"Mesa del Parlamento.",VIDA POLÍTICA
"Impugnación del acto del Cabildo de El Hierro, por el que se proclama Presidente a un consejero expulsado de un partido político, dirigida al Sr. Consejero de Presidencia, Justicia e Igualdad.",VIDA POLÍTICA
"Del Ayuntamiento de La Orotava, sobre adhesión a la declaración institucional del Parlamento de Canarias en contra de toda actitud o acción cuyo objetivo sea sembrar el odio entre la ciudadanía.",VIDA POLÍTICA
"Decretos del Presidente del Gobierno en los que se sustituya al Consejero de Sanidad.",VIDA POLÍTICA
"Las repercusiones del pacto político entre Coalición Canaria y Partido Popular en la estructura funcionarial de la Comunidad Autónoma.",VIDA POLÍTICA
"Las repercusiones para Canarias del pacto suscrito entre el Partido Popular y Coalición Canaria, en Madrid, el 11 de abril de 1996.",VIDA POLÍTICA
"Modificación de iniciativas por cambio de grupo parlamentario. ",VIDA POLÍTICA
"Grupo Parlamentario Popular.",VIDA POLÍTICA
"Grupo Parlamentario Nueva Canarias (NC).",VIDA POLÍTICA
"Grupo Parlamentario Sí Podemos Canarias.",VIDA POLÍTICA
"Grupo Parlamentario Socialista Canario.",VIDA POLÍTICA
"Unidad de los partidos políticos democráticos en la lucha contra el terrorismo, dirigida al Sr. Presidente del Gobierno.",VIDA POLÍTICA
"El nuevo curso político desde una minoría parlamentaria, dirigida al Sr. Presidente del Gobierno.",VIDA POLÍTICA
"-Consejera de Empleo, Políticas Sociales y Vivienda-, sobre líneas de actuación, iniciativas legislativas, compromisos políticos y financiación.",VIDA POLÍTICA
"-Consejera de Hacienda-, sobre líneas de actuación, iniciativas legislativas, compromisos políticos y financiación.",VIDA POLÍTICA
"La atención de los políticos a los ciudadanos.",VIDA POLÍTICA
"El objetivo político del reciente viaje a Cuba, dirigida al Sr. Presidente del Gobierno.",VIDA POLÍTICA
"Negociación con el Ejecutivo central para la acogida de refugiados políticos, dirigida al Sr. Presidente del Gobierno.",VIDA POLÍTICA
"Del Ayuntamiento de El Rosario, sobre la democracia en Venezuela y respeto a los derechos humanos.",VIDA POLÍTICA
"Solicitud al Gobierno del Estado para la reforma de la Ley Electoral en relación con la democracia paritaria e igualitaria.",VIDA POLÍTICA
"Creación de un archivo de los ex presidentes del Gobierno de Canarias durante la democracia.",VIDA POLÍTICA
"Formación política Contigo Somos Democracia.",VIDA POLÍTICA
"Una línea de subvenciones en apoyo a la comercialización y promoción del sector textil, dirigida a la Sra. consejera de Turismo, Industria y Comercio.",INDUSTRIA
"La instalación de la Empresa Textil Kiabi, dirigida al Sr. Consejero de Empleo, Industria y Comercio.",INDUSTRIA
"Impulso e incentivo del tejido industrial de las islas no capitalinas.",INDUSTRIA
"-Consejero de Economía, Industria, Comercio y Conocimiento-, sobre la política industrial.",INDUSTRIA
"Pérdida de peso industrial de la empresa Carburos Metálicos, dirigida a la Sra. Consejera de Empleo, Industria y Comercio.",INDUSTRIA
"Caída de la producción de subsectores industriales durante la crisis, dirigida al Sr. Consejero de Empleo, Industria y Comercio.",INDUSTRIA
"Diagnóstico del sector industrial en Canarias.",INDUSTRIA
"Proyecto presentado a cada isla del plan director insular de las necesidades y actuaciones en materia industrial.",INDUSTRIA
"El proyecto de construcción de la Vía de Ronda de La Laguna.",INDUSTRIA
"El proyecto Dreamland-Ciudad Cinematográfica de Fuerteventura.",INDUSTRIA
"Proyectos presentados a la convocatoria de largometraje cinematográfico (ficción, animación y documental).",INDUSTRIA
"Política industrial en Canarias.",INDUSTRIA
"Estudios de comercialización de productos industriales canarios.",INDUSTRIA
"Repercusión de las políticas de investigación y desarrollo tecnológico en la actividad industrial.",INDUSTRIA
"Licencia de actividad industrial en el Barranco de Santiago, Alajeró, dirigida al Sr. Consejero de Economía, Industria, Comercio y Conocimiento.",INDUSTRIA
"Informe elaborado por el ITC sobre el diagnóstico de las áreas industriales en funcionamiento.",INDUSTRIA
"Número de unidades y coste de las soluciones habitacionales de madera adquiridas para paliar los efectos del Volcán de La Palma sobre el parque de vivienda de la isla.",INDUSTRIA
"Inversión ejecutada del proyecto Regeneración de áreas Industriales.",INDUSTRIA
"Medidas específicas dirigidas a los autónomos del sector industrial en Canarias.",INDUSTRIA
"Medidas para favorecer la creación de empresas vinculadas al sector industrial de Canarias.",INDUSTRIA
"Competencias en materia de medio ambiente industrial respecto a la refinería de CEPSA en Santa Cruz de Tenerife.",INDUSTRIA
"La proliferación de actividades relacionadas con la minería submarina, dirigida al Sr. Consejero de Presidencia, Justicia e Igualdad.",INDUSTRIA
"Investigación en productos y procesos químicos, dirigida al Gobierno.",INDUSTRIA
"Compuesto o partículas de industrias petroquímicas en el aire de Santa Cruz de Tenerife desde 2007.",INDUSTRIA
"La Estrategia de Desarrollo Industrial.",INDUSTRIA
"La Estrategia Canaria de las Industrias Culturales y Creativas Audivisuales.",INDUSTRIA
"Ejes programáticos de la Consejería de Industria, Comercio y Nuevas Tecnologías.",INDUSTRIA
"Medidas para mejorar la innovación y la transformación digital del sector industrial en Canarias.",INDUSTRIA
"Fomento de la industria audiovisual y la producción cinematográfica, dirigida al Sr. Presidente del Consejo Rector de RTVC.",INDUSTRIA
"Patrocinios o ayudas al cine y al sector audiovisual, dirigida a la Sra. Consejera de Turismo.",INDUSTRIA
"Espectáculos realizados durante 2022 en el Teatro Guiniguada.",INDUSTRIA
"Los criterios de Radio Televisión Canaria para retransmitir determinados espectáculos de máxima audiencia, dirigida al Sr. administrador único de RTVC.",INDUSTRIA
"Difusión y promoción de las actividades musicales y espectáculos entre los jóvenes, dirigida a la Sra. Consejera de Empleo y Asuntos Sociales.",INDUSTRIA
"La retransmisión por la Televisión Canaria de la Romería del Pino en Gran Canaria el 7 de septiembre.",INDUSTRIA
"La Lucha Canaria en la programación de la Televisión Pública, dirigida al Sr. Presidente del Consejo Rector de RTVC.",INDUSTRIA
"Nuevo programa en la televisión autonómica sobre emprendedores.",INDUSTRIA
"Del Director General de Radiotelevisión Canaria, ante la Comisión de Control de Radiotelevisión Canaria, sobre el Segundo Canal de RTVC.",INDUSTRIA
"La parrilla de programación del Canal Internacional de TVC, dirigida al Sr. Director General de Radiotelevisión Canaria.",INDUSTRIA
"La adjudicación de las concesiones para la explotación de canales de televisión digital terrestre.",INDUSTRIA
"Asignación de canales de Televisión Digital Terrestre a la zona norte de Gran Canaria.",INDUSTRIA
"La serie la Revoltosa, dirigida al Sr. Director General de Radiotelevisión Canaria.",INDUSTRIA
"Debate emitido el 6 de noviembre por la Televisión Canaria en el programa Cuando el río suena, dirigida al Gobierno.",INDUSTRIA
"Datos de Radiotelevisión Canaria para la Audiencia de Cuentas de Canarias, dirigida al Gobierno.",INDUSTRIA
"Evaluación de los efectos de los contenidos de la televisión en menores de 18 años.",INDUSTRIA
"Memoria de la Radiotelevisión Canaria de 2008.",INDUSTRIA
"Copia del documento contractual de programas recientemente incorporados a Televisión Canaria SA.",INDUSTRIA
"La retransmisión por la Televisión Canaria de la Romería del Pino en Gran Canaria el 7 de septiembre.",INDUSTRIA
"Accesibilidad en la Televisión Canaria, dirigida al Sr. Presidente del Consejo Rector de RTVC.",INDUSTRIA
"-Consejera de Cultura, Deportes, Políticas Sociales y Vivienda, sobre desarrollo de la producción cinematográfica.",INDUSTRIA
"Apoyo a producciones cinematográficas hechas en Canarias por Radiotelevisión Canaria, dirigida al Gobierno.",INDUSTRIA
"Fomento de la industria audiovisual y la producción cinematográfica, dirigida al Sr. Consejero de Economía, Industria y Comercio y Conocimiento.",INDUSTRIA
"Medidas para potenciar la industria cinematográfica, dirigida a la Sra. Consejera de Política Territorial, Sostenibilidad y Seguridad.",INDUSTRIA
"-Consejera de Turismo, Cultura y Deportes-, sobre la producción cinematográfica en 2015.",INDUSTRIA
"Celebración del Día del Cine.",INDUSTRIA
"Apoyo a los jóvenes canarios para proyectos cinematográficos, dirigida al Sr. Director General de Radiotelevisión Canaria.",INDUSTRIA